{"cameraMode":{"drawMode":0,"name":"Shaded","section":"Shading Mode"},"sceneLighting":false,"audioPlay":false,"sceneViewState":{"m_AlwaysRefresh":false,"showFog":true,"showSkybox":false,"showFlares":true,"showImageEffects":true,"showParticleSystems":true,"showVisualEffectGraphs":true,"m_FxEnabled":true},"in2DMode":false,"pivot":{"x":0.0007133930921554565,"y":0.060897622257471088,"z":0.03257788345217705},"rotation":{"x":0.22172775864601136,"y":-0.642848551273346,"z":0.20225510001182557,"w":0.7047829031944275},"size":0.09347939491271973,"orthographic":false}